{"<epoch> Train Loss": 0.10313760489225388, "<epoch> Valid Loss": 0.49040448665618896, "<epoch> Gradient Norm": 390.24908447265625, "<epoch> lr": 2.9472952469090743e-06, "_timestamp": 1682129772.5237432, "_runtime": 6387.597056150436, "_step": 4, "_wandb": {"runtime": 6386}}