{"<epoch> Train Loss": 0.5871829390525818, "<epoch> Valid Loss": 0.5732738971710205, "<epoch> Gradient Norm": 62095.16796875, "<epoch> lr": 3.2441609225184296e-06, "_timestamp": 1680878143.894402, "_runtime": 2205.8387191295624, "_step": 2}