{"<epoch> Train Loss": 0.0864601880311966, "<epoch> Valid Loss": 0.4589277505874634, "<epoch> Gradient Norm": 3.294163227081299, "<epoch> lr": 1.2594902529823888e-06, "_timestamp": 1681433713.3817909, "_runtime": 9034.82322382927, "_step": 6}