{"<epoch> Train Loss": 0.410422682762146, "<epoch> Valid Loss": 0.4650794565677643, "<epoch> Gradient Norm": 16038.6376953125, "<epoch> lr": 3.322885473750363e-06, "_timestamp": 1680768818.3374982, "_runtime": 1164.616452217102, "_step": 1}