{"<epoch> Train Loss": 0.10020848363637924, "<epoch> Valid Loss": 0.45261815190315247, "<epoch> Gradient Norm": 1.8412443399429321, "<epoch> lr": 3.7515451818732993e-06, "_timestamp": 1681400071.7894988, "_runtime": 4350.806972742081, "_step": 3}