{"<epoch> Train Loss": 0.09556750953197479, "<epoch> Valid Loss": 0.45589345693588257, "<epoch> Gradient Norm": 5.808720588684082, "<epoch> lr": 1.5422690698663978e-07, "_timestamp": 1681790117.8202791, "_runtime": 10558.36416220665, "_step": 8, "_wandb": {"runtime": 10556}}